,MAE,MAE,MSE,MSE
,mean,std,mean,std
Model,,,,
LSTM,0.5586624503135681,0.08182857649365002,0.5832132339477539,0.17266294063893148
ESN,2.3549470062571007,0.14304498264420593,10.096177686196135,3.85167392147207
TCN,1.2782073259353637,0.17872441301417305,4.806108188629151,3.132340311834312
CNN,0.8221355438232422,0.0600628231478443,1.21942195892334,0.1474796599648023
rocket,1.0398971475760361,0.16964842468336594,7.722452673053316,9.391430350708024
