,MAE,MAE,MSE,MSE
,mean,std,mean,std
Model,,,,
LSTM,1.063192570209503,0.24079923816348997,2.4635366678237913,1.165457170346454
ESN,2.304204357687586,0.15342743386789104,13.476880205049264,11.852678195774038
TCN,1.553548240661621,0.09992028777657151,5.177592802047729,1.2395316675720998
CNN,0.8829336047172547,0.11118391288044592,2.1092689514160154,0.8173438770857491
rocket,1.6339234881155338,0.2157852759906456,15.284333865571227,11.144351380420382
