,MAE,MAE,MSE,MSE
,mean,std,mean,std
Model,,,,
LSTM,0.5736153423786163,0.12308244369096663,0.6279685497283936,0.32747023960526994
ESN,1.599132875370466,0.18804141128284388,3.8053392355127245,0.8872969163088076
TCN,1.0218722701072693,0.102039051174709,2.253469681739807,0.5745771113563518
CNN,0.6848580718040467,0.0917404262372686,0.9509326100349427,0.28418490337770214
rocket,0.8581542879653112,0.10406070205438489,2.7148214652704183,2.341398777824957
